{"cameraMode":{"drawMode":0,"name":"Shaded","section":"Shading Mode"},"sceneLighting":true,"audioPlay":false,"sceneViewState":{"showFog":true,"showMaterialUpdate":false,"showSkybox":true,"showFlares":true,"showImageEffects":true,"showParticleSystems":true},"in2DMode":false,"pivot":{"x":22.093414306640626,"y":-13.583154678344727,"z":11.532830238342286},"rotation":{"x":0.041735969483852389,"y":0.912712037563324,"z":-0.09647423028945923,"w":0.3948507308959961},"size":7.010557651519775,"orthographic":false}