{"cameraMode":{"drawMode":0,"name":"Shaded","section":"Shading Mode"},"sceneLighting":true,"audioPlay":false,"sceneViewState":{"showFog":true,"showMaterialUpdate":false,"showSkybox":true,"showFlares":true,"showImageEffects":true,"showParticleSystems":true},"in2DMode":false,"pivot":{"x":-15.39799976348877,"y":-14.053600311279297,"z":39.9010009765625},"rotation":{"x":0.041735969483852389,"y":0.912712037563324,"z":-0.09647423028945923,"w":0.3948507308959961},"size":0.4441569149494171,"orthographic":false}