{"cameraMode":{"drawMode":0,"name":"Shaded","section":"Shading Mode"},"sceneLighting":false,"audioPlay":false,"sceneViewState":{"showFog":true,"showMaterialUpdate":false,"showSkybox":false,"showFlares":true,"showImageEffects":true,"showParticleSystems":true},"in2DMode":false,"pivot":{"x":19.256999969482423,"y":0.07999998331069946,"z":-30.35700035095215},"rotation":{"x":0.03406678885221481,"y":0.9481276273727417,"z":-0.10885459929704666,"w":0.296722948551178},"size":0.20391088724136353,"orthographic":false}