{"cameraMode":{"drawMode":0,"name":"Shaded","section":"Shading Mode"},"sceneLighting":false,"audioPlay":false,"sceneViewState":{"showFog":true,"showMaterialUpdate":false,"showSkybox":false,"showFlares":true,"showImageEffects":true,"showParticleSystems":true},"in2DMode":false,"pivot":{"x":-36.397743225097659,"y":1.0621424913406373,"z":-28.763221740722658},"rotation":{"x":0.03406678885221481,"y":0.9481276273727417,"z":-0.10885459929704666,"w":0.296722948551178},"size":3.280247449874878,"orthographic":false}