{"cameraMode":{"drawMode":0,"name":"Shaded","section":"Shading Mode"},"sceneLighting":true,"audioPlay":false,"sceneViewState":{"showFog":true,"showMaterialUpdate":false,"showSkybox":true,"showFlares":true,"showImageEffects":true,"showParticleSystems":true},"in2DMode":false,"pivot":{"x":-41.44609832763672,"y":-14.645347595214844,"z":7.8988800048828129},"rotation":{"x":0.03406678885221481,"y":0.9481276273727417,"z":-0.10885459929704666,"w":0.296722948551178},"size":7.480250835418701,"orthographic":false}