{"cameraMode":{"drawMode":0,"name":"Shaded","section":"Shading Mode"},"sceneLighting":true,"audioPlay":false,"sceneViewState":{"showFog":true,"showMaterialUpdate":false,"showSkybox":true,"showFlares":true,"showImageEffects":true,"showParticleSystems":true},"in2DMode":false,"pivot":{"x":-42.385528564453128,"y":-12.754317283630371,"z":12.000666618347168},"rotation":{"x":0.05421735346317291,"y":0.15365435183048249,"z":-0.008443791419267655,"w":0.9866008162498474},"size":4.399467468261719,"orthographic":true}