{"cameraMode":{"drawMode":0,"name":"Shaded","section":"Shading Mode"},"sceneLighting":true,"audioPlay":false,"sceneViewState":{"showFog":true,"showMaterialUpdate":false,"showSkybox":true,"showFlares":true,"showImageEffects":true,"showParticleSystems":true},"in2DMode":false,"pivot":{"x":-13.699999809265137,"y":-14.163000106811524,"z":40.70000076293945},"rotation":{"x":-0.018827056512236596,"y":-0.9799897074699402,"z":0.11369479447603226,"w":-0.16227687895298005},"size":0.8660253882408142,"orthographic":true}