{"cameraMode":{"drawMode":0,"name":"Shaded","section":"Shading Mode"},"sceneLighting":false,"audioPlay":false,"sceneViewState":{"showFog":true,"showMaterialUpdate":false,"showSkybox":false,"showFlares":true,"showImageEffects":true,"showParticleSystems":true},"in2DMode":false,"pivot":{"x":23.413999557495118,"y":-13.918000221252442,"z":4.400000095367432},"rotation":{"x":0.0629873126745224,"y":0.750310480594635,"z":-0.0722518265247345,"w":0.6541013121604919},"size":1.2247449159622193,"orthographic":true}